BEGIN TRANSACTION;
INSERT INTO 
    "users" 
    ("user_id","email_address") 
VALUES 
    (1,'skd@officeclip.com');
INSERT INTO 
    "userNotifications" 
    ("user_id","agent_id","monitor_command_id","last_notified") 
VALUES 
    (1,1,9,'2020-06-15T21:52:45.7485701Z');
INSERT INTO 
    "agents" 
    ("agent_id","guid","machine_name","org_id","registration_date","last_queried","last_reply_received","alias") 
VALUES 
    (1,'314767B0-EB52-440C-87F9-8946FC5B3DB0','SKD-SURFACE-LAP',1,'2020-06-06T20:45:13.9980804Z','2020-06-16T21:34:25.8755964Z','2020-06-16T21:34:31.5059410Z','Dutta''s Surface'),
    (2,'6F6A7E8F-A721-4829-8E13-276748032459','Fake',1,'2020-06-06T20:45:13.9980804Z','2020-06-06T20:45:13.9980804Z',NULL,'');
INSERT INTO 
    "groups" 
    ("id","server_guid") 
VALUES 
    (1,'1231701a-2c9b-4d0e-b1ae-6d789dacb353');
INSERT INTO 
    "agentResources" 
    ("agent_id","stable_device_json","last_updated_date") 
VALUES 
    (1,'{"cpu":{"name":"Intel(R) Core(TM) i5-6300U CPU @ 2.40GHz","cores":2,"threads":4,"speed_mhz":2496},"mem":{"total_bytes":8507662336},"net":[{"name":"Wi-Fi","model":"Marvell AVASTAR Wireless-AC Network Controller","type":"Wireless80211","mac_address":"98:5F:D3:4E:BA:1B","unicast_addresses":["fe80::8ca4:8256:6222:9bc9%4","192.168.2.241"],"dns_addresses":["192.168.2.1"],"dhcp_server_addresses":["192.168.2.1"]}],"drives":[{"name":"C:\\","type":"Fixed","label":"Local Disk","format":"NTFS","total_bytes":253785796608}],"os":{"machine_name":"SKD-SURFACE-LAP","bitness":64,"edition":"Microsoft Windows 10 Pro","version":"6.2.9200.0","installed_ui_culture":"en-US","environment_variables":{"ComSpec":"C:\\Windows\\system32\\cmd.exe","TEMP":"C:\\Windows\\TEMP","PROCESSOR_ARCHITECTURE":"AMD64","OS":"Windows_NT","PROCESSOR_REVISION":"4e03","USERNAME":"SYSTEM","windir":"C:\\Windows","PROCESSOR_IDENTIFIER":"Intel64 Family 6 Model 78 Stepping 3, GenuineIntel","PSModulePath":"C:\\Program Files (x86)\\WindowsPowerShell\\Modules;C:\\Windows\\system32\\WindowsPowerShell\\v1.0\\Modules;C:\\Program Files (x86)\\Microsoft SQL Server\\120\\Tools\\PowerShell\\Modules\\","NUMBER_OF_PROCESSORS":"4","DriverData":"C:\\Windows\\System32\\Drivers\\DriverData","PROCESSOR_LEVEL":"6","Path":"C:\\Windows\\system32;C:\\Windows;C:\\Windows\\System32\\Wbem;C:\\Windows\\System32\\WindowsPowerShell\\v1.0\\;C:\\Windows\\System32\\OpenSSH\\;C:\\Program Files\\Git\\cmd;C:\\Program Files\\TortoiseGit\\bin;C:\\Program Files\\nodejs\\;C:\\Program Files\\Microsoft SQL Server\\130\\Tools\\Binn\\;C:\\Program Files\\Microsoft SQL Server\\Client SDK\\ODBC\\170\\Tools\\Binn\\;C:\\Program Files\\Microsoft SQL Server\\Client SDK\\ODBC\\110\\Tools\\Binn\\;C:\\Program Files (x86)\\Microsoft SQL Server\\120\\Tools\\Binn\\;C:\\Program Files\\Microsoft SQL Server\\120\\Tools\\Binn\\;C:\\Program Files\\Microsoft SQL Server\\120\\DTS\\Binn\\;C:\\Program Files (x86)\\Microsoft SQL Server\\120\\DTS\\Binn\\;C:\\Program Files\\dotnet\\;C:\\Program Files (x86)\\Microsoft SQL Server\\120\\Tools\\Binn\\ManagementStudio\\","TMP":"C:\\Windows\\TEMP","PATHEXT":".COM;.EXE;.BAT;.CMD;.VBS;.VBE;.JS;.JSE;.WSF;.WSH;.MSC"}},"softwares":[{"display_name":"Agent Monitor","version":"1.0.0","installed_date":"20200616","publisher":"OfficeClip","estimated_size":"7592 kb","bit_size":64},{"display_name":"Agent Shell","version":"2.1.0.0","installed_date":"20200509","publisher":"Spiceworks","estimated_size":"9171 kb","bit_size":64},{"display_name":"ClickOnce Bootstrapper Package for Microsoft .NET Framework","version":"4.8.04119","installed_date":"20200325","publisher":"Microsoft Corporation","estimated_size":"8224 kb","bit_size":64},{"display_name":"Google Chrome","version":"83.0.4103.106","installed_date":"20200615","publisher":"Google LLC","estimated_size":"","bit_size":64},{"display_name":"Google Update Helper","version":"1.3.35.451","installed_date":"20200325","publisher":"Google LLC","estimated_size":"41 kb","bit_size":64},{"display_name":"HashCheck Shell Extension (x86-32)","version":"2.1.11.1","installed_date":null,"publisher":"Kai Liu","estimated_size":"","bit_size":64},{"display_name":"icecap_collection_neutral","version":"16.5.29814","installed_date":"20200325","publisher":"Microsoft Corporation","estimated_size":"4081 kb","bit_size":64},{"display_name":"icecap_collectionresources","version":"16.5.29521","installed_date":"20200325","publisher":"Microsoft Corporation","estimated_size":"92 kb","bit_size":64},{"display_name":"icecap_collectionresourcesx64","version":"16.4.29411","installed_date":"20200325","publisher":"Microsoft Corporation","estimated_size":"92 kb","bit_size":64},{"display_name":"IntelliTraceProfilerProxy","version":"15.0.18198.01","installed_date":"20200325","publisher":"Microsoft Corporation","estimated_size":"17 kb","bit_size":64},{"display_name":"Microsoft .NET Core Host FX Resolver - 3.1.3 (x86)","version":"24.76.28628","installed_date":"20200401","publisher":"Microsoft Corporation","estimated_size":"440 kb","bit_size":64},{"display_name":"Microsoft .NET Core Runtime - 3.1.3 (x86)","version":"24.76.28628","installed_date":"20200401","publisher":"Microsoft Corporation","estimated_size":"59740 kb","bit_size":64},{"display_name":"Microsoft .NET Framework 4 Multi-Targeting Pack","version":"4.0.30319","installed_date":"20200325","publisher":"Microsoft Corporation","estimated_size":"85456 kb","bit_size":64},{"display_name":"Microsoft .NET Framework 4.5 Multi-Targeting Pack","version":"4.5.50710","installed_date":"20200325","publisher":"Microsoft Corporation","estimated_size":"42868 kb","bit_size":64},{"display_name":"Microsoft .NET Framework 4.5.1 Multi-Targeting Pack","version":"4.5.50932","installed_date":"20200325","publisher":"Microsoft Corporation","estimated_size":"50584 kb","bit_size":64},{"display_name":"Microsoft .NET Framework 4.5.2 Multi-Targeting Pack","version":"4.5.51651","installed_date":"20200325","publisher":"Microsoft Corporation","estimated_size":"50660 kb","bit_size":64},{"display_name":"Microsoft .NET Framework 4.6 Targeting Pack","version":"4.6.00081","installed_date":"20200325","publisher":"Microsoft Corporation","estimated_size":"41360 kb","bit_size":64},{"display_name":"Microsoft .NET Framework 4.6.1 Targeting Pack","version":"4.6.01055","installed_date":"20200325","publisher":"Microsoft Corporation","estimated_size":"41384 kb","bit_size":64},{"display_name":"Microsoft .NET Framework 4.7.2 Targeting Pack","version":"4.7.03062","installed_date":"20200325","publisher":"Microsoft Corporation","estimated_size":"43356 kb","bit_size":64},{"display_name":"Microsoft .NET Framework 4.7.2 Targeting Pack (ENU)","version":"4.7.03062","installed_date":"20200325","publisher":"Microsoft Corporation","estimated_size":"70280 kb","bit_size":64},{"display_name":"Microsoft .NET Framework 4.8 SDK","version":"4.8.03928","installed_date":"20200325","publisher":"Microsoft Corporation","estimated_size":"21068 kb","bit_size":64},{"display_name":"Microsoft .NET Framework Cumulative Intellisense Pack for Visual Studio (ENU)","version":"4.8.03761","installed_date":"20200325","publisher":"Microsoft Corporation","estimated_size":"72820 kb","bit_size":64},{"display_name":"Microsoft Application Error Reporting","version":"12.0.6012.5000","installed_date":"20200328","publisher":"Microsoft Corporation","estimated_size":"2804 kb","bit_size":64},{"display_name":"Microsoft ASP.NET Core 3.1.3 Shared Framework (x86)","version":"3.1.3.0","installed_date":"20200401","publisher":"Microsoft Corporation","estimated_size":"17507 kb","bit_size":64},{"display_name":"Microsoft ASP.NET Diagnostic Pack for Visual Studio","version":"16.5.236.49856","installed_date":"20200325","publisher":"Microsoft Corporation","estimated_size":"56 kb","bit_size":64},{"display_name":"Microsoft ASP.NET Web Tools Packages 16.0 - ENU","version":"1.0.21125.0","installed_date":"20200325","publisher":"Microsoft Corporation","estimated_size":"962012 kb","bit_size":64},{"display_name":"Microsoft Azure Storage Emulator - v5.10","version":"5.10.19227.2113","installed_date":"3/25/2020","publisher":"Microsoft Corporation","estimated_size":"","bit_size":64},{"display_name":"Microsoft Azure Storage Emulator - v5.10","version":"5.10.19227.2113","installed_date":"20200325","publisher":"Microsoft Corporation","estimated_size":"6008 kb","bit_size":64},{"display_name":"Microsoft Edge Beta","version":"84.0.522.20","installed_date":"20200615","publisher":"Microsoft Corporation","estimated_size":"","bit_size":64},{"display_name":"Microsoft Edge Update","version":"1.3.129.31","installed_date":null,"publisher":null,"estimated_size":"","bit_size":64},{"display_name":"Microsoft Report Viewer 2014 Runtime","version":"12.0.2000.8","installed_date":"20200511","publisher":"Microsoft Corporation","estimated_size":"26392 kb","bit_size":64},{"display_name":"Microsoft SQL Server 2008 R2 Management Objects","version":"10.51.2500.0","installed_date":"20200511","publisher":"Microsoft Corporation","estimated_size":"15697 kb","bit_size":64},{"display_name":"Microsoft SQL Server 2014 Policies ","version":"12.0.2000.8","installed_date":"20200511","publisher":"Microsoft Corporation","estimated_size":"1032 kb","bit_size":64},{"display_name":"Microsoft SQL Server System CLR Types","version":"10.51.2500.0","installed_date":"20200328","publisher":"Microsoft Corporation","estimated_size":"2596 kb","bit_size":64},{"display_name":"Microsoft System CLR Types for SQL Server 2019 CTP2.2","version":"15.0.1200.24","installed_date":"20200325","publisher":"Microsoft Corporation","estimated_size":"4444 kb","bit_size":64},{"display_name":"Microsoft TestPlatform SDK Local Feed","version":"16.5.0.3448627","installed_date":"20200325","publisher":"Microsoft","estimated_size":"164040 kb","bit_size":64},{"display_name":"Microsoft Visual C++ 2008 Redistributable - x86 9.0.30729.4974","version":"9.0.30729.4974","installed_date":"20200328","publisher":"Microsoft Corporation","estimated_size":"10435 kb","bit_size":64},{"display_name":"Microsoft Visual C++ 2008 Redistributable - x86 9.0.30729.6161","version":"9.0.30729.6161","installed_date":"20200330","publisher":"Microsoft Corporation","estimated_size":"10440 kb","bit_size":64},{"display_name":"Microsoft Visual C++ 2010 x86 Redistributable - 10.0.40219","version":"10.0.40219","installed_date":"20200328","publisher":"Microsoft Corporation","estimated_size":"11417 kb","bit_size":64},{"display_name":"Microsoft Visual C++ 2010 x86 Runtime - 10.0.40219","version":"10.0.40219","installed_date":"20200328","publisher":"Microsoft Corporation","estimated_size":"16310 kb","bit_size":64},{"display_name":"Microsoft Visual C++ 2013 Redistributable (x64) - 12.0.30501","version":"12.0.30501.0","installed_date":null,"publisher":"Microsoft Corporation","estimated_size":"21062 kb","bit_size":64},{"display_name":"Microsoft Visual C++ 2013 Redistributable (x86) - 12.0.30501","version":"12.0.30501.0","installed_date":null,"publisher":"Microsoft Corporation","estimated_size":"17600 kb","bit_size":64},{"display_name":"Microsoft Visual C++ 2013 x86 Additional Runtime - 12.0.21005","version":"12.0.21005","installed_date":"20190321","publisher":"Microsoft Corporation","estimated_size":"9456 kb","bit_size":64},{"display_name":"Microsoft Visual C++ 2013 x86 Minimum Runtime - 12.0.21005","version":"12.0.21005","installed_date":"20190321","publisher":"Microsoft Corporation","estimated_size":"2076 kb","bit_size":64},{"display_name":"Microsoft Visual C++ 2015-2019 Redistributable (x64) - 14.25.28508","version":"14.25.28508.3","installed_date":null,"publisher":"Microsoft Corporation","estimated_size":"23111 kb","bit_size":64},{"display_name":"Microsoft Visual C++ 2015-2019 Redistributable (x86) - 14.25.28508","version":"14.25.28508.3","installed_date":null,"publisher":"Microsoft Corporation","estimated_size":"20765 kb","bit_size":64},{"display_name":"Microsoft Visual C++ 2019 X86 Additional Runtime - 14.25.28508","version":"14.25.28508","installed_date":"20200325","publisher":"Microsoft Corporation","estimated_size":"10428 kb","bit_size":64},{"display_name":"Microsoft Visual C++ 2019 X86 Minimum Runtime - 14.25.28508","version":"14.25.28508","installed_date":"20200325","publisher":"Microsoft Corporation","estimated_size":"1740 kb","bit_size":64},{"display_name":"Microsoft Visual Studio 2010 Shell (Isolated) - ENU","version":"10.0.40219","installed_date":"20200512","publisher":"Microsoft Corporation","estimated_size":"600711 kb","bit_size":64},{"display_name":"Microsoft Visual Studio Setup Configuration","version":"2.3.2200.14893","installed_date":"20200325","publisher":"Microsoft Corporation","estimated_size":"552 kb","bit_size":64},{"display_name":"Microsoft Windows Desktop Runtime - 3.1.3 (x86)","version":"24.76.28628","installed_date":"20200401","publisher":"Microsoft Corporation","estimated_size":"79724 kb","bit_size":64},{"display_name":"Notepad++ (32-bit x86)","version":"7.8.1","installed_date":null,"publisher":"Notepad++ Team","estimated_size":"8393 kb","bit_size":64},{"display_name":"ScreenConnect Client (40f8cb643b29d29f)","version":"20.3.28034.7416","installed_date":"20200501","publisher":"ScreenConnect Software","estimated_size":"6241 kb","bit_size":64},{"display_name":"Snagit 2018","version":"18.2.5.5151","installed_date":null,"publisher":"TechSmith Corporation","estimated_size":"824336 kb","bit_size":64},{"display_name":"SQL Server Browser for SQL Server 2014","version":"12.0.2000.8","installed_date":"20200328","publisher":"Microsoft Corporation","estimated_size":"10049 kb","bit_size":64},{"display_name":"Teams Machine-Wide Installer","version":"1.2.0.24753","installed_date":"20191103","publisher":"Microsoft Corporation","estimated_size":"93904 kb","bit_size":64},{"display_name":"TypeScript SDK","version":"3.8.2.0","installed_date":"20200325","publisher":"Microsoft Corporation","estimated_size":"24721 kb","bit_size":64},{"display_name":"Update for (KB2504637)","version":"1","installed_date":null,"publisher":"Microsoft Corporation","estimated_size":"","bit_size":64},{"display_name":"vcpp_crt.redist.clickonce","version":"14.25.28508","installed_date":"20200325","publisher":"Microsoft Corporation","estimated_size":"12 kb","bit_size":64},{"display_name":"Visual Studio Community 2019","version":"16.5.30011.22","installed_date":"20200326","publisher":"Microsoft Corporation","estimated_size":"","bit_size":64},{"display_name":"VPNetwork LLC - TorGuard - Online Privacy Protection Services","version":"\"3.98.10\"","installed_date":null,"publisher":"\"VPNetwork LLC\"","estimated_size":"101158 kb","bit_size":64},{"display_name":"VS Immersive Activate Helper","version":"16.0.98.0","installed_date":"20200325","publisher":"Microsoft Corporation","estimated_size":"93 kb","bit_size":64},{"display_name":"vs_BlendMsi","version":"16.0.28329","installed_date":"20200325","publisher":"Microsoft Corporation","estimated_size":"40 kb","bit_size":64},{"display_name":"vs_clickoncebootstrappermsi","version":"16.0.28329","installed_date":"20200325","publisher":"Microsoft Corporation","estimated_size":"508 kb","bit_size":64},{"display_name":"vs_clickoncebootstrappermsires","version":"16.0.28329","installed_date":"20200325","publisher":"Microsoft Corporation","estimated_size":"148 kb","bit_size":64},{"display_name":"vs_clickoncesigntoolmsi","version":"16.0.28329","installed_date":"20200325","publisher":"Microsoft Corporation","estimated_size":"308 kb","bit_size":64},{"display_name":"vs_communitymsi","version":"16.5.29814","installed_date":"20200325","publisher":"Microsoft Corporation","estimated_size":"37780 kb","bit_size":64},{"display_name":"vs_communitymsires","version":"16.0.28329","installed_date":"20200325","publisher":"Microsoft Corporation","estimated_size":"20 kb","bit_size":64},{"display_name":"vs_devenvmsi","version":"16.0.28329","installed_date":"20200325","publisher":"Microsoft Corporation","estimated_size":"120 kb","bit_size":64},{"display_name":"vs_filehandler_amd64","version":"16.5.29814","installed_date":"20200325","publisher":"Microsoft Corporation","estimated_size":"2124 kb","bit_size":64},{"display_name":"vs_filehandler_x86","version":"16.5.29814","installed_date":"20200325","publisher":"Microsoft Corporation","estimated_size":"2076 kb","bit_size":64},{"display_name":"vs_FileTracker_Singleton","version":"16.3.29209","installed_date":"20200325","publisher":"Microsoft Corporation","estimated_size":"808 kb","bit_size":64},{"display_name":"vs_minshellinteropmsi","version":"16.2.28917","installed_date":"20200325","publisher":"Microsoft Corporation","estimated_size":"2292 kb","bit_size":64},{"display_name":"vs_minshellmsi","version":"16.5.29814","installed_date":"20200325","publisher":"Microsoft Corporation","estimated_size":"276 kb","bit_size":64},{"display_name":"vs_minshellmsires","version":"16.0.28329","installed_date":"20200325","publisher":"Microsoft Corporation","estimated_size":"152 kb","bit_size":64},{"display_name":"vs_SQLClickOnceBootstrappermsi","version":"16.5.29521","installed_date":"20200325","publisher":"Microsoft Corporation","estimated_size":"7608 kb","bit_size":64},{"display_name":"vs_tipsmsi","version":"16.0.28329","installed_date":"20200325","publisher":"Microsoft Corporation","estimated_size":"42 kb","bit_size":64},{"display_name":"Windows Phone SDK 8.0 Assemblies for Visual Studio 2019","version":"16.0.29521","installed_date":"20200325","publisher":"Microsoft Corporation","estimated_size":"2504 kb","bit_size":64},{"display_name":"Xenu''s Link Sleuth","version":"1.3.9","installed_date":null,"publisher":"Tilman Hausherr","estimated_size":"","bit_size":64}]}','6/16/2020 9:27:27 PM');
INSERT INTO 
    "monitorValues" 
    ("agent_id","monitor_command_id","value","unit","return_code","error_message") 
VALUES 
    (1,1,42.0,'ms',200,'OK'),
    (1,2,74.0,'ms',200,'OK'),
    (1,3,40.35,'%',0,''),
    (1,4,1.0,'gb',0,''),
    (1,5,0.0,'kbytes/sec',0,''),
    (1,6,0.0,'kbytes/sec',0,''),
    (1,7,143.0,'gb',0,''),
    (1,8,249.0,'',0,''),
    (2,1,233.0,'ms',200,''),
     (2,2,312.0,'ms',200,''),
     (2,3,75.0,'%',0,''),
     (2,4,289427560.0,'bytes',0,''),
     (2,5,78.0,'bytes/sec',0,''),
    (2,6,'','bytes/sec',0,''),
     (2,7,167772995584.0,'bytes',0,''),
    (2,8,223.0,'',0,''),
    (1,9,517.0,'ms',200,'OK');
INSERT INTO 
    "monitorCommands" 
    ("monitor_command_id","name","org_id","type","arg1","arg2") 
VALUES 
    (1,'OfficeClip Response',1,'url','https://www.officeclip.com',NULL),
    (2,'Google Response',1,'url','https://www.google.com',NULL),
    (3,'CPU Load',1,'cpu.percent',NULL,NULL),
    (4,'Free Memory',1,'memory.free',NULL,NULL),
    (5,'Bytes Received',1,'network.specific','Wi-Fi','ReceivedBytesPerSeconds'),
    (6,'Bytes Sent',1,'network.specific','Wi-Fi','SentBytesPerSecond'),
    (7,'Free Space in C',1,'drive.free','C:\',NULL),
     (8,'# of Processes',1,'os.processes','',''),
    (9,'Yahoo Response',1,'url','https://www.yahoo.com','');
INSERT INTO 
    "monitorCommandLimits" 
    ("type","org_id","warning_limit","error_limit","is_low_limit") 
VALUES 
    ('url',1,300.0,400.0,0);
COMMIT;
